{"schemaVersion":"1.0","appDefinitionTemplate":{"id":"/providers/Microsoft.PowerApps/apps/","type":"Microsoft.PowerApps/apps","tags":{"primaryDeviceWidth":"640","primaryDeviceHeight":"1136","sienaVersion":"20211118T215049Z-3.21111.36.0","deviceCapabilities":"","supportsPortrait":"true","supportsLandscape":"false","primaryFormFactor":"Phone","publisherVersion":"3.21111.36","minimumRequiredApiVersion":"2.2.0","hasComponent":"true","hasUnlockedComponent":"true","isUnifiedRootApp":"false"},"properties":{"appVersion":"2021-11-18T21:50:49Z","lifeCycleId":"Published","createdByClientVersion":{"major":3,"minor":21111,"build":36,"revision":0,"majorRevision":0,"minorRevision":0},"minClientVersion":{"major":3,"minor":21111,"build":36,"revision":0,"majorRevision":0,"minorRevision":0},"backgroundColor":"rgba(32, 32, 32, 1)","backgroundImageUri":"/15346112189448345669/N48b04348-3ea6-4d09-a65b-550f5f83c07f-logoSmallFile","displayName":"Projeto VemComNos","description":"","commitMessage":"","appUris":{"documentUri":{"value":"/15346112189448345669/N97dc6db2-b5c1-4935-9f72-56865ff8c039-document.msapp"},"imageUris":[],"additionalUris":[]},"createdTime":"0001-01-01T00:00:00Z","lastModifiedTime":"0001-01-01T00:00:00Z","sharedGroupsCount":0,"sharedUsersCount":0,"connectionReferences":{"ac7a0239-5577-42ba-8ff0-5d9209ff164e":{"id":"cd05d282-afdc-4a69-ab28-9b23e89a69a2","displayName":"SharePoint","iconUri":"https://connectoricons-prod.azureedge.net/releases/v1.0.1533/1.0.1533.2600/sharepointonline/icon.png","dataSources":["Cadastro_Usuario","Evento","Participante_Evento","Categoria","Notificacao","Interesse_Usuario"],"dependencies":[],"dependents":["bb3cb7fd-75ad-4e7f-9864-6a35c1ce7afe"],"parameterHints":{},"parameterHintsV2":{},"isOnPremiseConnection":false,"bypassConsent":false,"dataSets":{"https://fatecspgov.sharepoint.com/sites/ProjetoVemComNois/_layouts/15/viewlsts.aspx?view=14":{"dataSources":{"Cadastro_Usuario":{"tableName":"b361a2ff-d2ad-4226-ae32-ef9de7dca522"},"Evento":{"tableName":"0de728ee-f1c1-415f-9155-2afea39eb530"},"Participante_Evento":{"tableName":"7a5c7401-89f0-4dcc-88d9-4df8b614475f"}}},"https://fatecspgov.sharepoint.com/sites/ProjetoVemComNois":{"dataSources":{"Categoria":{"tableName":"3cf9a178-3b6d-4465-9789-83dd39b61235"},"Notificacao":{"tableName":"87c5bc20-8d92-4252-aa1b-c376166d7c03"},"Interesse_Usuario":{"tableName":"091bc2b6-3368-40b6-bafd-0bd4f8a71f31"}}}},"apiTier":"Standard","isCustomApiConnection":false,"actions":["providers/PowerPlatform.Governance/Operations/Read","providers/PowerPlatform.Governance/Operations/Write","providers/PowerPlatform.Governance/Operations/Delete"]},"38f28e21-0452-4fba-be25-f4f8ff5cf437":{"id":"4416c22a-362b-48a8-9242-023ca3c4e884","displayName":"Office 365 Outlook","iconUri":"https://connectoricons-prod.azureedge.net/releases/v1.0.1535/1.0.1535.2607/office365/icon.png","dataSources":["Office365Outlook"],"dependencies":[],"dependents":["bb3cb7fd-75ad-4e7f-9864-6a35c1ce7afe"],"parameterHints":{},"parameterHintsV2":{},"isOnPremiseConnection":false,"bypassConsent":false,"dataSets":{},"apiTier":"Standard","isCustomApiConnection":false},"bb3cb7fd-75ad-4e7f-9864-6a35c1ce7afe":{"id":"ae1b934a-da63-4d70-9a65-68652db4ba0f","displayName":"Fluxos lógicos","iconUri":"https://connectoricons-prod.azureedge.net/releases/v1.0.1534/1.0.1534.2605/logicflows/icon.png","dataSources":["EnviarEmailInscrito"],"dependencies":["ac7a0239-5577-42ba-8ff0-5d9209ff164e","38f28e21-0452-4fba-be25-f4f8ff5cf437"],"dependents":[],"parameterHints":{"workflowName":{"value":"92cc3b03-0141-4b8a-af82-5556cab45684"},"workflowEntityId":{},"ac7a0239-5577-42ba-8ff0-5d9209ff164e":{"value":"shared_sharepointonline"},"38f28e21-0452-4fba-be25-f4f8ff5cf437":{"value":"shared_office365"}},"parameterHintsV2":{"workflowName":{"value":"92cc3b03-0141-4b8a-af82-5556cab45684"},"workflowEntityId":{},"shared_sharepointonline":{"value":"ac7a0239-5577-42ba-8ff0-5d9209ff164e"},"shared_office365":{"value":"38f28e21-0452-4fba-be25-f4f8ff5cf437"}},"isOnPremiseConnection":false,"bypassConsent":false,"dataSets":{},"apiTier":"Standard","isCustomApiConnection":false,"actions":["Run"],"nestedActions":[{"id":"/providers/Microsoft.PowerApps/apis/shared_sharepointonline/apiOperations/GetItem","apiName":"SharePoint","actionName":"GetItem","referencedResources":[{"key":"site","value":"https://fatecspgov.sharepoint.com/sites/ProjetoVemComNois"},{"key":"list","value":"b361a2ff-d2ad-4226-ae32-ef9de7dca522"},{"key":"site","value":"https://fatecspgov.sharepoint.com/sites/ProjetoVemComNois"},{"key":"list","value":"0de728ee-f1c1-415f-9155-2afea39eb530"}]},{"id":"/providers/Microsoft.PowerApps/apis/shared_office365/apiOperations/SendEmailV2","apiName":"Office 365 Outlook","actionName":"SendEmailV2","referencedResources":[]}]}},"databaseReferences":{},"almMode":"Solution","performanceOptimizationEnabled":true,"canConsumeAppPass":true,"executionRestrictions":{"isTeamsOnly":false,"dataLossPreventionEvaluationResult":{"status":"Compliant","lastEvaluationDate":"2022-05-12T23:09:24.3946788Z","violations":[],"violationsByPolicy":[],"violationErrorMessage":"O aplicativo usa os seguintes conectores: shared_sharepointonline, shared_office365, shared_logicflows."},"httpActionRestriction":{"appUsesSharepointHttpAction":false,"enforcementStrategy":"Legacy","evaluationTime":"2022-05-12T23:09:24.3946788Z"}}},"appType":"ClassicCanvasApp","appComponents":[]}}