{"name":"3f823367-3fb4-46fa-8288-97823f19707b","id":"/providers/Microsoft.Flow/flows/3f823367-3fb4-46fa-8288-97823f19707b","type":"Microsoft.Flow/flows","properties":{"apiId":"/providers/Microsoft.PowerApps/apis/shared_logicflows","displayName":"Enviar Email Inscrito","definition":{"metadata":{"workflowEntityId":null,"processAdvisorMetadata":null,"flowclientsuspensionreason":"None","flowclientsuspensiontime":null,"creator":{"id":"47921126-8049-45b5-8306-8f335fdda205","type":"User","tenantId":"cf72e2bd-7a2b-4783-bdeb-39d57b07f76f"},"provisioningMethod":"FromDefinition","failureAlertSubscription":true,"clientLastModifiedTime":"2021-11-18T15:51:53.8407015Z","flowclientsuspensionreasondetails":null},"$schema":"https://schema.management.azure.com/providers/Microsoft.Logic/schemas/2016-06-01/workflowdefinition.json#","contentVersion":"1.0.0.0","parameters":{"$connections":{"defaultValue":{},"type":"Object"},"$authentication":{"defaultValue":{},"type":"SecureObject"}},"triggers":{"manual":{"metadata":{"operationMetadataId":"07c97695-3e7d-49c4-8a8d-11ef64e008dd"},"type":"Request","kind":"PowerApp","inputs":{"schema":{"type":"object","properties":{"Obteritem_ID":{"type":"integer","format":"int64","description":"Identificador exclusivo do item a ser recuperado","x-ms-powerflows-param-ispartial":false},"Obteritem2_ID":{"type":"integer","format":"int64","description":"Identificador exclusivo do item a ser recuperado","x-ms-powerflows-param-ispartial":false}},"required":["Obteritem_ID","Obteritem2_ID"]}}}},"actions":{"Obter_item":{"runAfter":{},"metadata":{"operationMetadataId":"59c8fa66-9c54-4563-8c30-9f49907493a7"},"type":"OpenApiConnection","inputs":{"host":{"apiId":"/providers/Microsoft.PowerApps/apis/shared_sharepointonline","connectionName":"shared_sharepointonline","operationId":"GetItem"},"parameters":{"dataset":"https://fatecspgov.sharepoint.com/sites/ProjetoVemComNois","table":"b361a2ff-d2ad-4226-ae32-ef9de7dca522","id":"@triggerBody()['Obteritem_ID']"},"authentication":{"value":"@json(decodeBase64(triggerOutputs().headers['X-MS-APIM-Tokens']))['$ConnectionKey']","type":"Raw"}}},"Enviar_um_email_(V2)":{"runAfter":{"Obter_item_2":["Succeeded"]},"metadata":{"operationMetadataId":"860f580a-965d-4f9f-86e5-dea28c882689"},"type":"OpenApiConnection","inputs":{"host":{"apiId":"/providers/Microsoft.PowerApps/apis/shared_office365","connectionName":"shared_office365","operationId":"SendEmailV2"},"parameters":{"emailMessage/To":"@outputs('Obter_item')?['body/Email']","emailMessage/Subject":"INSCRIÇÃO CONFIRMADA","emailMessage/Body":"<p>Olá,<br>\nVocê confirmou a sua inscrição no Evento:@{outputs('Obter_item_2')?['body/Title']}.<br>\nAtenciosamente, Projeto VemComNos.</p>"},"authentication":{"value":"@json(decodeBase64(triggerOutputs().headers['X-MS-APIM-Tokens']))['$ConnectionKey']","type":"Raw"}}},"Obter_item_2":{"runAfter":{"Obter_item":["Succeeded"]},"metadata":{"operationMetadataId":"8630ba0e-85ce-42ce-830b-33405e284b53"},"type":"OpenApiConnection","inputs":{"host":{"apiId":"/providers/Microsoft.PowerApps/apis/shared_sharepointonline","connectionName":"shared_sharepointonline","operationId":"GetItem"},"parameters":{"dataset":"https://fatecspgov.sharepoint.com/sites/ProjetoVemComNois","table":"0de728ee-f1c1-415f-9155-2afea39eb530","id":"@triggerBody()['Obteritem2_ID']"},"authentication":{"value":"@json(decodeBase64(triggerOutputs().headers['X-MS-APIM-Tokens']))['$ConnectionKey']","type":"Raw"}}}}},"connectionReferences":{"shared_sharepointonline":{"connectionName":"06d3308e508245eeb4e93a4e6d022644","source":"Invoker","id":"/providers/Microsoft.PowerApps/apis/shared_sharepointonline","tier":"NotSpecified"},"shared_office365":{"connectionName":"7c39992efdad491a9c05c7f4623f29f6","source":"Invoker","id":"/providers/Microsoft.PowerApps/apis/shared_office365","tier":"NotSpecified"}},"flowFailureAlertSubscribed":false,"isManaged":false}}